"individual.id","individual.local.identifier","n_fixes_used","first_timestamp","last_timestamp_used","nest_longitude","nest_latitude"
1187719594,"Adamello20 (eobs 7548)",30,2020-08-01 05:20:34,2020-08-01 05:41:55,10.5557559766653,46.2368025557681
1190360230,"Punteglias20 (eobs 6483)",30,2020-06-28 14:40:44,2020-07-02 15:00:23,8.9726451853743,46.7610773273064
1190364702,"Sils20 (eobs 7038)",30,2020-07-01 13:25:08,2020-07-02 13:40:23,9.76904848673989,46.4491810558689
1193192892,"Krn20 (eobs 7549)",30,2020-06-21 13:30:22,2020-06-21 21:05:42,13.6600067544846,46.2206920718188
1193193426,"Vrata20 (eobs 7551)",30,2020-06-23 09:05:08,2020-07-02 15:08:47,13.8395865899804,46.4255382626099
1193200757,"Reschen20 (eobs 7556)",30,2020-08-01 05:25:41,2020-08-01 06:10:29,10.4780802420484,46.825552324873
1195005355,"Siat20 (eobs 7037)",30,2020-07-05 04:26:03,2020-07-05 15:20:19,9.16211166493253,46.8082581241845
1195007208,"Flüela20 (eobs 7040)",30,2020-07-04 13:16:46,2020-07-05 15:42:04,9.88405325325401,46.8031434593229
1201366234,"Valdidentro_Braulio20 (eobs 7581)",30,2020-07-25 08:45:20.001,2020-07-26 11:00:53,10.3443733346796,46.5082845866854
1201369997,"Mals2_20 (eobs 7579)",30,2020-07-25 05:35:42,2020-07-25 07:29:28,10.5746901065394,46.7132583766818
1201754243,"Avers20 (eobs 7101)",30,2020-07-10 09:42:11,2020-07-10 12:00:36,9.48990333666892,46.4717243239269
1201755290,"Trimmis20 (eobs 7041)",30,2020-07-12 10:15:22,2020-07-13 05:20:11,9.58619089101202,46.8740808839217
1201756761,"Cornasc20 (eobs 7039)",30,2020-07-19 06:42:15,2020-07-31 05:00:55,10.1147995057742,46.2946412773736
1201987685,"Stürfis20 (eobs 7049) ",30,2020-07-15 08:41:08,2020-07-29 14:20:25,9.61958990354857,47.0424927280172
1586549883,"Langgries21 (eobs 7586)",30,2021-07-07 14:00:41,2021-07-11 07:00:53,14.5581904366344,47.5584287454031
1588154692,"ValSozzine21 (eobs 7500)",30,2021-07-25 05:25:56,2021-07-25 07:05:17,10.5361086096411,46.2382510798126
1602119865,"Flüela1 21 (eobs 6995)",30,2021-07-01 11:40:27,2021-07-02 14:20:42,9.88401847212827,46.8036114574841
1602203395,"Flüela2 21 (eobs 7043)",30,2021-07-01 11:21:50,2021-07-02 10:42:17,9.88445870014625,46.8033223346639
1621078346,"Untersberg21 (eobs 7501)",30,2021-07-25 06:30:45,2021-07-25 14:00:12,12.955715782906,47.6914272665081
1621086454,"Burgum21 (eobs 7502)",30,2021-07-25 05:46:06,2021-07-25 16:00:33,11.5470848661159,46.9261960931651
1621087387,"Reschen21 (eobs 7503)",30,2021-07-10 06:00:41,2021-07-11 07:45:10,10.4864453392315,46.8175712629528
1621101347,"Grabernock21 (eobs 7506)",30,2021-07-10 06:00:41,2021-07-11 10:02:26,11.9275820999642,46.8819097762215
2186821886,"Ettenberg22 (eobs 10539)",30,2022-07-07 05:08:19,2022-07-07 05:48:21,13.0158002996449,47.7002353831498
2186854726,"Lischana22 (eobs 5941)",30,2022-07-08 05:01:23,2022-07-09 19:00:41,10.3283115267871,46.7799175861987
2191867481,"Schlappin22 (eobs 5944)",30,2022-07-10 15:41:26,2022-07-20 10:30:53,9.93481042470672,46.9021291852374
2191891306,"Schreital22 (eobs 10537)",30,2022-07-07 05:18:32,2022-07-07 05:34:55,11.7881802470122,47.6276713730143
2191907141,"Vernuga22 (eobs 10538)",30,2022-07-07 05:12:40,2022-07-07 05:35:06,10.2800359866881,46.3166120724704
2194609580,"Tabland22 (eobs 10534)",30,2022-07-12 14:00:58,2022-07-15 07:01:03,10.9986578237959,46.6179100098837
2851304779,"Johnsbach1_23 (eobs 11645)",30,2023-06-15 13:34:28,2023-06-16 12:16:11,14.6456290200936,47.5453973794071
2851326603,"Johnsbach2_23 (eobs 11913)",30,2023-06-15 15:47:29,2023-06-16 14:30:43,14.6443282656412,47.5455598622566
2860079649,"Grabernock23 (eobs 11916)",30,2023-07-01 15:00:23,2023-07-06 09:00:59,11.9275637433446,46.8819167728176
2866750833,"Mals1_23 (eobs 11919)",30,2023-07-05 13:01:29,2023-07-07 14:01:46,10.5749434869216,46.7131714233213
2866754763,"Mals2_23 (eobs 11920)",30,2023-07-05 09:00:31,2023-07-07 13:02:00,10.5748910334004,46.713184632929
2866771849,"Laas1_23 (eobs 11917)",30,2023-07-05 09:00:28,2023-07-07 08:00:28,10.7219901047828,46.6640859981447
2866772810,"Laas2_23 (eobs 11918)",30,2023-07-05 08:00:55,2023-07-06 18:00:23,10.7218913733855,46.6639953779224
299029516,"Droslöng17 (eobs 5704)",30,2017-07-03 11:10:06,2017-07-03 13:35:15,9.97323617989051,46.6330777859533
299029866,"Viluoch17 (eobs 4570)",30,2017-07-03 15:00:41,2017-07-05 16:00:23,9.93537356712507,46.6476786296692
4081264449,"Gaming24 (eobs 11914)",30,2024-06-21 11:30:13,2024-06-21 18:15:24,15.1290727402869,47.9154899877982
4109198344,"Lassingbach24 (eobs 11915)",30,2024-06-29 10:15:36,2024-06-30 08:15:33,14.9696956160749,47.7090353687769
521325430,"Schlappin1 18 (eobs 5858)",30,2018-07-12 15:01:58,2018-08-03 12:00:10,9.93886363390626,46.9040395453726
521333231,"Tasna18 (eobs 5940)",30,2018-07-03 15:00:59,2018-07-05 04:40:53,10.2022228903721,46.797400593808
521333696,"Güstizia18 (eobs 5942)",30,2018-07-03 16:01:16,2018-07-11 15:00:41,10.088362521709,46.7267667269371
523267262,"Umbrail18 (eobs 5859)",30,2018-07-15 08:00:55,2018-08-06 09:00:11,10.4429393617386,46.5823201989512
523653165,"Schlanders18 (eobs 6226)",30,2018-07-08 16:00:17,2018-07-08 18:31:00,10.7825838255971,46.6724098229455
523837809,"Art San Romerio18 (eobs 5941)",30,2018-07-11 06:01:34,2018-07-15 15:00:42,10.1174884003744,46.2870638472141
525133822,"Almen18 (eobs 5861)",30,2018-07-12 10:00:41,2018-07-13 15:40:16,9.47606654958365,46.7476404582686
525853130,"Nalps18 (eobs 5860)",30,2018-07-13 15:01:38,2018-07-16 15:00:27,8.77481751864299,46.6480470850403
901068485,"Grosio 19 (eobs 7000)",30,2019-06-24 19:30:12,2019-06-25 21:00:26,10.2711594606787,46.3126764931461
904105287,"Fahrntal19 (eobs 7014)",30,2019-06-30 14:00:16,2019-07-03 04:01:23,11.3941846499858,46.7560354629799
905833881,"Almen19 (eobs 7001)",30,2019-07-01 12:30:49,2019-07-02 03:00:14,9.47634063408386,46.7477248138152
905834999,"Torta19 (eobs 7002)",30,2019-07-02 14:01:53,2019-07-03 17:30:54,10.0467131054974,46.6413138041867
905836683,"Sinestra1 19 (eobs 7003)",30,2019-07-03 06:31:23,2019-07-06 06:00:36,10.3286712088103,46.8464558023002
905838651,"Sinestra2 19 (eobs 7005)",30,2019-07-02 18:30:41,2019-07-04 05:31:53,10.3279939265928,46.8470624095926
905840058,"Dischma1 19 (eobs 7006)",30,2019-07-03 13:30:12,2019-07-04 09:00:11,9.8754003792424,46.7697071079937
905845957,"Dischma2 19 (eobs 7009)",30,2019-07-03 12:40:26,2019-07-04 07:00:15,9.87523956327763,46.7697131428175
905848269,"Flüela19 (eobs 7007)",30,2019-07-03 19:00:39,2019-07-04 16:01:22,9.88411936495434,46.8033967596032
907108644,"Nalps19 (eobs 5861)",30,2019-07-04 09:40:39,2019-07-08 07:02:11,8.81165166651837,46.6631986000435
907109256,"Tuors1 19 (eobs 7010)",30,2019-07-05 11:40:35,2019-07-05 15:06:24,9.77208082060606,46.6404606983649
907109665,"Tuors2 19 (eobs 7011)",30,2019-07-05 15:30:53,2019-07-07 11:30:47,9.77120453368467,46.640139082599
907111821,"Seta19 (eobs 5796)",30,2019-07-05 17:00:12,2019-07-06 13:00:50,9.73150010345829,46.8292828493399
908235585,"ValGrande19 (eobs 7033)",30,2019-07-05 13:20:40,2019-07-10 11:02:19,10.3870582697264,46.2806455133896
909810109,"Kastelbell19 (eobs 7034)",30,2019-07-10 14:20:34,2019-07-12 09:00:19,10.9314095847624,46.6581698803583
910176280,"Sampuoir1 19 (eobs 5943)",30,2019-07-14 07:41:58,2019-07-31 06:21:11,10.2065974400196,46.7501704898148
910178593,"Sampuoir2 19 (eobs 6462)",30,2019-07-10 14:20:18,2019-07-12 06:40:15,10.2077313453473,46.7499984839269
911704434,"Trenzeira19 (eobs 5858)",30,2019-07-13 07:00:47,2019-07-15 12:40:23,10.1747217667699,46.6093788827602
924789197,"Matsch19 (eobs 7035)",30,2019-07-31 15:01:35,2019-08-06 05:00:23,10.7101212410516,46.7440105902955
